epoch,train_loss,val_loss,mAP,train_cls_loss,train_box_loss,train_obj_loss,val_cls_loss,val_box_loss,val_obj_loss
0,0.1783699237782022,"tensor(0.1744, device='cuda:0')","tensor(0.0191, device='cuda:0')","tensor(8.5148, device='cuda:0', grad_fn=<DivBackward0>)","tensor(9.8975, device='cuda:0', grad_fn=<DivBackward0>)","tensor(0.2157, device='cuda:0', grad_fn=<DivBackward0>)","tensor(4.7604, device='cuda:0')","tensor(10.2765, device='cuda:0')","tensor(0.1680, device='cuda:0')"
1,0.12244494064994481,"tensor(0.1259, device='cuda:0')","tensor(0.0204, device='cuda:0')","tensor(3.7796, device='cuda:0', grad_fn=<DivBackward0>)","tensor(8.0647, device='cuda:0', grad_fn=<DivBackward0>)","tensor(0.1882, device='cuda:0', grad_fn=<DivBackward0>)","tensor(2.9740, device='cuda:0')","tensor(8.6334, device='cuda:0')","tensor(0.1738, device='cuda:0')"
2,0.11221058925856715,"tensor(0.1224, device='cuda:0')","tensor(0.0179, device='cuda:0')","tensor(2.8698, device='cuda:0', grad_fn=<DivBackward0>)","tensor(7.7914, device='cuda:0', grad_fn=<DivBackward0>)","tensor(0.1906, device='cuda:0', grad_fn=<DivBackward0>)","tensor(2.4994, device='cuda:0')","tensor(8.3542, device='cuda:0')","tensor(0.1664, device='cuda:0')"
3,0.10848111659288406,"tensor(0.1280, device='cuda:0')","tensor(0.0819, device='cuda:0')","tensor(2.5554, device='cuda:0', grad_fn=<DivBackward0>)","tensor(7.5623, device='cuda:0', grad_fn=<DivBackward0>)","tensor(0.1689, device='cuda:0', grad_fn=<DivBackward0>)","tensor(2.1878, device='cuda:0')","tensor(8.7445, device='cuda:0')","tensor(0.1390, device='cuda:0')"
4,0.10152613695548929,"tensor(0.1340, device='cuda:0')","tensor(0.1547, device='cuda:0')","tensor(2.4280, device='cuda:0', grad_fn=<DivBackward0>)","tensor(7.2143, device='cuda:0', grad_fn=<DivBackward0>)","tensor(0.1684, device='cuda:0', grad_fn=<DivBackward0>)","tensor(2.4892, device='cuda:0')","tensor(9.1682, device='cuda:0')","tensor(0.1357, device='cuda:0')"
5,0.1073491851920667,"tensor(0.1071, device='cuda:0')","tensor(0.1529, device='cuda:0')","tensor(2.4123, device='cuda:0', grad_fn=<DivBackward0>)","tensor(7.5411, device='cuda:0', grad_fn=<DivBackward0>)","tensor(0.1637, device='cuda:0', grad_fn=<DivBackward0>)","tensor(1.7241, device='cuda:0')","tensor(7.7241, device='cuda:0')","tensor(0.1484, device='cuda:0')"
6,0.0966484546661377,"tensor(0.1196, device='cuda:0')","tensor(0.0084, device='cuda:0')","tensor(1.9600, device='cuda:0', grad_fn=<DivBackward0>)","tensor(7.1483, device='cuda:0', grad_fn=<DivBackward0>)","tensor(0.1728, device='cuda:0', grad_fn=<DivBackward0>)","tensor(2.1618, device='cuda:0')","tensor(8.2632, device='cuda:0')","tensor(0.1427, device='cuda:0')"
7,0.09115471690893173,"tensor(0.1074, device='cuda:0')","tensor(0.1737, device='cuda:0')","tensor(1.9211, device='cuda:0', grad_fn=<DivBackward0>)","tensor(6.9111, device='cuda:0', grad_fn=<DivBackward0>)","tensor(0.1648, device='cuda:0', grad_fn=<DivBackward0>)","tensor(2.3053, device='cuda:0')","tensor(7.7942, device='cuda:0')","tensor(0.1435, device='cuda:0')"
8,0.08657231700161229,"tensor(0.0996, device='cuda:0')","tensor(0.2395, device='cuda:0')","tensor(1.8392, device='cuda:0', grad_fn=<DivBackward0>)","tensor(6.6051, device='cuda:0', grad_fn=<DivBackward0>)","tensor(0.1557, device='cuda:0', grad_fn=<DivBackward0>)","tensor(2.2754, device='cuda:0')","tensor(7.3578, device='cuda:0')","tensor(0.1338, device='cuda:0')"
9,0.0799183426019938,"tensor(0.1133, device='cuda:0')","tensor(0.2365, device='cuda:0')","tensor(1.6489, device='cuda:0', grad_fn=<DivBackward0>)","tensor(6.3118, device='cuda:0', grad_fn=<DivBackward0>)","tensor(0.1491, device='cuda:0', grad_fn=<DivBackward0>)","tensor(2.1500, device='cuda:0')","tensor(8.0860, device='cuda:0')","tensor(0.1308, device='cuda:0')"
10,0.12567848938962686,"tensor(0.1451, device='cuda:0')","tensor(0.1415, device='cuda:0')","tensor(2.9206, device='cuda:0', grad_fn=<DivBackward0>)","tensor(8.3690, device='cuda:0', grad_fn=<DivBackward0>)","tensor(0.1810, device='cuda:0', grad_fn=<DivBackward0>)","tensor(2.7871, device='cuda:0')","tensor(9.4099, device='cuda:0')","tensor(0.1485, device='cuda:0')"
11,0.12098332656466443,"tensor(0.1307, device='cuda:0')","tensor(0.0161, device='cuda:0')","tensor(3.0125, device='cuda:0', grad_fn=<DivBackward0>)","tensor(7.8610, device='cuda:0', grad_fn=<DivBackward0>)","tensor(0.1738, device='cuda:0', grad_fn=<DivBackward0>)","tensor(2.4178, device='cuda:0')","tensor(8.5962, device='cuda:0')","tensor(0.1521, device='cuda:0')"
12,0.11831570837808691,"tensor(0.1130, device='cuda:0')","tensor(0.1696, device='cuda:0')","tensor(2.4266, device='cuda:0', grad_fn=<DivBackward0>)","tensor(7.9350, device='cuda:0', grad_fn=<DivBackward0>)","tensor(0.1761, device='cuda:0', grad_fn=<DivBackward0>)","tensor(1.7688, device='cuda:0')","tensor(7.9337, device='cuda:0')","tensor(0.1656, device='cuda:0')"
13,0.11126132341830627,"tensor(0.1472, device='cuda:0')","tensor(0.0726, device='cuda:0')","tensor(2.2076, device='cuda:0', grad_fn=<DivBackward0>)","tensor(7.6489, device='cuda:0', grad_fn=<DivBackward0>)","tensor(0.1712, device='cuda:0', grad_fn=<DivBackward0>)","tensor(2.8862, device='cuda:0')","tensor(9.4324, device='cuda:0')","tensor(0.1458, device='cuda:0')"
14,0.10181091466675633,"tensor(0.1227, device='cuda:0')","tensor(0.1281, device='cuda:0')","tensor(2.0656, device='cuda:0', grad_fn=<DivBackward0>)","tensor(7.2508, device='cuda:0', grad_fn=<DivBackward0>)","tensor(0.1682, device='cuda:0', grad_fn=<DivBackward0>)","tensor(2.0002, device='cuda:0')","tensor(8.6084, device='cuda:0')","tensor(0.1446, device='cuda:0')"
15,0.09757499202438023,"tensor(0.1303, device='cuda:0')","tensor(0.1270, device='cuda:0')","tensor(1.9716, device='cuda:0', grad_fn=<DivBackward0>)","tensor(7.0745, device='cuda:0', grad_fn=<DivBackward0>)","tensor(0.1626, device='cuda:0', grad_fn=<DivBackward0>)","tensor(1.7559, device='cuda:0')","tensor(8.9487, device='cuda:0')","tensor(0.1420, device='cuda:0')"
16,0.09109534647153772,"tensor(0.1229, device='cuda:0')","tensor(0.1557, device='cuda:0')","tensor(1.8017, device='cuda:0', grad_fn=<DivBackward0>)","tensor(6.6676, device='cuda:0', grad_fn=<DivBackward0>)","tensor(0.1589, device='cuda:0', grad_fn=<DivBackward0>)","tensor(1.9838, device='cuda:0')","tensor(8.5727, device='cuda:0')","tensor(0.1348, device='cuda:0')"
17,0.09156201488297919,"tensor(0.1117, device='cuda:0')","tensor(0.1856, device='cuda:0')","tensor(1.8058, device='cuda:0', grad_fn=<DivBackward0>)","tensor(6.7910, device='cuda:0', grad_fn=<DivBackward0>)","tensor(0.1570, device='cuda:0', grad_fn=<DivBackward0>)","tensor(1.8338, device='cuda:0')","tensor(8.0054, device='cuda:0')","tensor(0.1470, device='cuda:0')"
18,0.09037292359963707,"tensor(0.1169, device='cuda:0')","tensor(0.2023, device='cuda:0')","tensor(1.6799, device='cuda:0', grad_fn=<DivBackward0>)","tensor(6.6319, device='cuda:0', grad_fn=<DivBackward0>)","tensor(0.1532, device='cuda:0', grad_fn=<DivBackward0>)","tensor(1.9370, device='cuda:0')","tensor(8.2762, device='cuda:0')","tensor(0.1388, device='cuda:0')"
19,0.09119630896526834,"tensor(0.1272, device='cuda:0')","tensor(0.1371, device='cuda:0')","tensor(1.7915, device='cuda:0', grad_fn=<DivBackward0>)","tensor(6.6978, device='cuda:0', grad_fn=<DivBackward0>)","tensor(0.1546, device='cuda:0', grad_fn=<DivBackward0>)","tensor(2.3221, device='cuda:0')","tensor(8.7635, device='cuda:0')","tensor(0.1397, device='cuda:0')"
20,0.08506585495627444,"tensor(0.1184, device='cuda:0')","tensor(0.2046, device='cuda:0')","tensor(1.6574, device='cuda:0', grad_fn=<DivBackward0>)","tensor(6.5013, device='cuda:0', grad_fn=<DivBackward0>)","tensor(0.1509, device='cuda:0', grad_fn=<DivBackward0>)","tensor(2.0666, device='cuda:0')","tensor(8.2847, device='cuda:0')","tensor(0.1331, device='cuda:0')"
21,0.08699437749126683,"tensor(0.1181, device='cuda:0')","tensor(0.2029, device='cuda:0')","tensor(1.4775, device='cuda:0', grad_fn=<DivBackward0>)","tensor(6.5300, device='cuda:0', grad_fn=<DivBackward0>)","tensor(0.1518, device='cuda:0', grad_fn=<DivBackward0>)","tensor(2.6609, device='cuda:0')","tensor(8.2810, device='cuda:0')","tensor(0.1257, device='cuda:0')"
22,0.08751480832048085,"tensor(0.1157, device='cuda:0')","tensor(0.2199, device='cuda:0')","tensor(1.6322, device='cuda:0', grad_fn=<DivBackward0>)","tensor(6.5703, device='cuda:0', grad_fn=<DivBackward0>)","tensor(0.1534, device='cuda:0', grad_fn=<DivBackward0>)","tensor(2.2260, device='cuda:0')","tensor(8.2872, device='cuda:0')","tensor(0.1282, device='cuda:0')"
23,0.08351395376350569,"tensor(0.1257, device='cuda:0')","tensor(0.2494, device='cuda:0')","tensor(1.3368, device='cuda:0', grad_fn=<DivBackward0>)","tensor(6.4508, device='cuda:0', grad_fn=<DivBackward0>)","tensor(0.1501, device='cuda:0', grad_fn=<DivBackward0>)","tensor(2.1659, device='cuda:0')","tensor(8.8785, device='cuda:0')","tensor(0.1279, device='cuda:0')"
24,0.0802434517637543,"tensor(0.1093, device='cuda:0')","tensor(0.2544, device='cuda:0')","tensor(1.2431, device='cuda:0', grad_fn=<DivBackward0>)","tensor(6.3112, device='cuda:0', grad_fn=<DivBackward0>)","tensor(0.1482, device='cuda:0', grad_fn=<DivBackward0>)","tensor(1.8235, device='cuda:0')","tensor(7.8396, device='cuda:0')","tensor(0.1309, device='cuda:0')"
25,0.08494468648796497,"tensor(0.1382, device='cuda:0')","tensor(0.1706, device='cuda:0')","tensor(1.3179, device='cuda:0', grad_fn=<DivBackward0>)","tensor(6.5332, device='cuda:0', grad_fn=<DivBackward0>)","tensor(0.1466, device='cuda:0', grad_fn=<DivBackward0>)","tensor(2.5147, device='cuda:0')","tensor(9.5671, device='cuda:0')","tensor(0.1263, device='cuda:0')"
26,0.0854412339951681,"tensor(0.1171, device='cuda:0')","tensor(0.1975, device='cuda:0')","tensor(1.3739, device='cuda:0', grad_fn=<DivBackward0>)","tensor(6.4766, device='cuda:0', grad_fn=<DivBackward0>)","tensor(0.1430, device='cuda:0', grad_fn=<DivBackward0>)","tensor(1.6413, device='cuda:0')","tensor(8.2571, device='cuda:0')","tensor(0.1224, device='cuda:0')"
27,0.0812930804879769,"tensor(0.1218, device='cuda:0')","tensor(0.2319, device='cuda:0')","tensor(1.2552, device='cuda:0', grad_fn=<DivBackward0>)","tensor(6.3068, device='cuda:0', grad_fn=<DivBackward0>)","tensor(0.1441, device='cuda:0', grad_fn=<DivBackward0>)","tensor(1.7577, device='cuda:0')","tensor(8.6409, device='cuda:0')","tensor(0.1264, device='cuda:0')"
28,0.08050500763499219,"tensor(0.1129, device='cuda:0')","tensor(0.1887, device='cuda:0')","tensor(1.4855, device='cuda:0', grad_fn=<DivBackward0>)","tensor(6.2580, device='cuda:0', grad_fn=<DivBackward0>)","tensor(0.1416, device='cuda:0', grad_fn=<DivBackward0>)","tensor(1.5842, device='cuda:0')","tensor(8.0739, device='cuda:0')","tensor(0.1335, device='cuda:0')"
29,0.07691692172185234,"tensor(0.1143, device='cuda:0')","tensor(0.2594, device='cuda:0')","tensor(1.1573, device='cuda:0', grad_fn=<DivBackward0>)","tensor(6.0403, device='cuda:0', grad_fn=<DivBackward0>)","tensor(0.1385, device='cuda:0', grad_fn=<DivBackward0>)","tensor(1.7378, device='cuda:0')","tensor(8.2858, device='cuda:0')","tensor(0.1242, device='cuda:0')"
30,0.0771231844049433,"tensor(0.1121, device='cuda:0')","tensor(0.2048, device='cuda:0')","tensor(1.2655, device='cuda:0', grad_fn=<DivBackward0>)","tensor(6.0624, device='cuda:0', grad_fn=<DivBackward0>)","tensor(0.1411, device='cuda:0', grad_fn=<DivBackward0>)","tensor(2.0124, device='cuda:0')","tensor(8.2145, device='cuda:0')","tensor(0.1346, device='cuda:0')"
31,0.07408385254118753,"tensor(0.1106, device='cuda:0')","tensor(0.2000, device='cuda:0')","tensor(1.2297, device='cuda:0', grad_fn=<DivBackward0>)","tensor(6.0103, device='cuda:0', grad_fn=<DivBackward0>)","tensor(0.1375, device='cuda:0', grad_fn=<DivBackward0>)","tensor(2.1184, device='cuda:0')","tensor(8.0943, device='cuda:0')","tensor(0.1280, device='cuda:0')"
32,0.07432247665913208,"tensor(0.1063, device='cuda:0')","tensor(0.1916, device='cuda:0')","tensor(0.9573, device='cuda:0', grad_fn=<DivBackward0>)","tensor(5.9417, device='cuda:0', grad_fn=<DivBackward0>)","tensor(0.1330, device='cuda:0', grad_fn=<DivBackward0>)","tensor(2.0138, device='cuda:0')","tensor(7.8926, device='cuda:0')","tensor(0.1226, device='cuda:0')"
33,0.07283242273589839,"tensor(0.1167, device='cuda:0')","tensor(0.2157, device='cuda:0')","tensor(1.1276, device='cuda:0', grad_fn=<DivBackward0>)","tensor(5.8247, device='cuda:0', grad_fn=<DivBackward0>)","tensor(0.1399, device='cuda:0', grad_fn=<DivBackward0>)","tensor(2.0759, device='cuda:0')","tensor(8.4441, device='cuda:0')","tensor(0.1305, device='cuda:0')"
34,0.07392974197864532,"tensor(0.1215, device='cuda:0')","tensor(0.1704, device='cuda:0')","tensor(1.2901, device='cuda:0', grad_fn=<DivBackward0>)","tensor(5.9470, device='cuda:0', grad_fn=<DivBackward0>)","tensor(0.1453, device='cuda:0', grad_fn=<DivBackward0>)","tensor(2.4194, device='cuda:0')","tensor(8.4798, device='cuda:0')","tensor(0.1350, device='cuda:0')"
35,0.07142383896786234,"tensor(0.1275, device='cuda:0')","tensor(0.2564, device='cuda:0')","tensor(1.2227, device='cuda:0', grad_fn=<DivBackward0>)","tensor(5.7959, device='cuda:0', grad_fn=<DivBackward0>)","tensor(0.1330, device='cuda:0', grad_fn=<DivBackward0>)","tensor(1.8739, device='cuda:0')","tensor(9.1062, device='cuda:0')","tensor(0.1224, device='cuda:0')"
36,0.07213930283551631,"tensor(0.1056, device='cuda:0')","tensor(0.3064, device='cuda:0')","tensor(1.0120, device='cuda:0', grad_fn=<DivBackward0>)","tensor(5.8471, device='cuda:0', grad_fn=<DivBackward0>)","tensor(0.1313, device='cuda:0', grad_fn=<DivBackward0>)","tensor(1.8281, device='cuda:0')","tensor(7.8383, device='cuda:0')","tensor(0.1077, device='cuda:0')"
37,0.06971276130365289,"tensor(0.1110, device='cuda:0')","tensor(0.2254, device='cuda:0')","tensor(1.0390, device='cuda:0', grad_fn=<DivBackward0>)","tensor(5.7116, device='cuda:0', grad_fn=<DivBackward0>)","tensor(0.1322, device='cuda:0', grad_fn=<DivBackward0>)","tensor(2.0070, device='cuda:0')","tensor(8.0884, device='cuda:0')","tensor(0.1157, device='cuda:0')"
38,0.07345225240873254,"tensor(0.1313, device='cuda:0')","tensor(0.2848, device='cuda:0')","tensor(0.9584, device='cuda:0', grad_fn=<DivBackward0>)","tensor(5.8758, device='cuda:0', grad_fn=<DivBackward0>)","tensor(0.1295, device='cuda:0', grad_fn=<DivBackward0>)","tensor(2.1182, device='cuda:0')","tensor(9.1901, device='cuda:0')","tensor(0.1125, device='cuda:0')"
39,0.07030576273151067,"tensor(0.1105, device='cuda:0')","tensor(0.2492, device='cuda:0')","tensor(0.8403, device='cuda:0', grad_fn=<DivBackward0>)","tensor(5.7724, device='cuda:0', grad_fn=<DivBackward0>)","tensor(0.1311, device='cuda:0', grad_fn=<DivBackward0>)","tensor(1.7996, device='cuda:0')","tensor(7.9595, device='cuda:0')","tensor(0.1214, device='cuda:0')"
40,0.06610164937117825,"tensor(0.1070, device='cuda:0')","tensor(0.2394, device='cuda:0')","tensor(0.9270, device='cuda:0', grad_fn=<DivBackward0>)","tensor(5.5429, device='cuda:0', grad_fn=<DivBackward0>)","tensor(0.1298, device='cuda:0', grad_fn=<DivBackward0>)","tensor(2.4234, device='cuda:0')","tensor(7.6567, device='cuda:0')","tensor(0.1211, device='cuda:0')"
41,0.06623850017786026,"tensor(0.1098, device='cuda:0')","tensor(0.2412, device='cuda:0')","tensor(0.9455, device='cuda:0', grad_fn=<DivBackward0>)","tensor(5.5690, device='cuda:0', grad_fn=<DivBackward0>)","tensor(0.1305, device='cuda:0', grad_fn=<DivBackward0>)","tensor(2.0363, device='cuda:0')","tensor(7.9694, device='cuda:0')","tensor(0.1221, device='cuda:0')"
42,0.07029787046105965,"tensor(0.1214, device='cuda:0')","tensor(0.2446, device='cuda:0')","tensor(1.0387, device='cuda:0', grad_fn=<DivBackward0>)","tensor(5.7343, device='cuda:0', grad_fn=<DivBackward0>)","tensor(0.1260, device='cuda:0', grad_fn=<DivBackward0>)","tensor(2.1417, device='cuda:0')","tensor(8.7083, device='cuda:0')","tensor(0.1123, device='cuda:0')"
43,0.07106032676022986,"tensor(0.1018, device='cuda:0')","tensor(0.2671, device='cuda:0')","tensor(1.1178, device='cuda:0', grad_fn=<DivBackward0>)","tensor(5.6590, device='cuda:0', grad_fn=<DivBackward0>)","tensor(0.1273, device='cuda:0', grad_fn=<DivBackward0>)","tensor(2.0135, device='cuda:0')","tensor(7.6894, device='cuda:0')","tensor(0.1197, device='cuda:0')"
44,0.07020994777912679,"tensor(0.1200, device='cuda:0')","tensor(0.2147, device='cuda:0')","tensor(1.0674, device='cuda:0', grad_fn=<DivBackward0>)","tensor(5.7006, device='cuda:0', grad_fn=<DivBackward0>)","tensor(0.1218, device='cuda:0', grad_fn=<DivBackward0>)","tensor(2.2524, device='cuda:0')","tensor(8.7472, device='cuda:0')","tensor(0.1209, device='cuda:0')"
45,0.06841599682103032,"tensor(0.1188, device='cuda:0')","tensor(0.2262, device='cuda:0')","tensor(0.9326, device='cuda:0', grad_fn=<DivBackward0>)","tensor(5.6854, device='cuda:0', grad_fn=<DivBackward0>)","tensor(0.1305, device='cuda:0', grad_fn=<DivBackward0>)","tensor(2.1928, device='cuda:0')","tensor(8.6543, device='cuda:0')","tensor(0.1262, device='cuda:0')"
46,0.06891385384875795,"tensor(0.1007, device='cuda:0')","tensor(0.2551, device='cuda:0')","tensor(0.9811, device='cuda:0', grad_fn=<DivBackward0>)","tensor(5.6985, device='cuda:0', grad_fn=<DivBackward0>)","tensor(0.1354, device='cuda:0', grad_fn=<DivBackward0>)","tensor(2.1769, device='cuda:0')","tensor(7.4628, device='cuda:0')","tensor(0.1236, device='cuda:0')"
47,0.0679708759745826,"tensor(0.1089, device='cuda:0')","tensor(0.2762, device='cuda:0')","tensor(0.8744, device='cuda:0', grad_fn=<DivBackward0>)","tensor(5.6095, device='cuda:0', grad_fn=<DivBackward0>)","tensor(0.1256, device='cuda:0', grad_fn=<DivBackward0>)","tensor(2.1946, device='cuda:0')","tensor(7.9854, device='cuda:0')","tensor(0.1229, device='cuda:0')"
48,0.06622747542417567,"tensor(0.1155, device='cuda:0')","tensor(0.2926, device='cuda:0')","tensor(0.9668, device='cuda:0', grad_fn=<DivBackward0>)","tensor(5.4142, device='cuda:0', grad_fn=<DivBackward0>)","tensor(0.1317, device='cuda:0', grad_fn=<DivBackward0>)","tensor(1.9383, device='cuda:0')","tensor(8.4361, device='cuda:0')","tensor(0.1087, device='cuda:0')"
49,0.06678177691672159,"tensor(0.1015, device='cuda:0')","tensor(0.2537, device='cuda:0')","tensor(1.0328, device='cuda:0', grad_fn=<DivBackward0>)","tensor(5.4708, device='cuda:0', grad_fn=<DivBackward0>)","tensor(0.1238, device='cuda:0', grad_fn=<DivBackward0>)","tensor(1.6049, device='cuda:0')","tensor(7.7740, device='cuda:0')","tensor(0.1291, device='cuda:0')"
50,0.06345748269687528,"tensor(0.1028, device='cuda:0')","tensor(0.2534, device='cuda:0')","tensor(0.7428, device='cuda:0', grad_fn=<DivBackward0>)","tensor(5.3140, device='cuda:0', grad_fn=<DivBackward0>)","tensor(0.1301, device='cuda:0', grad_fn=<DivBackward0>)","tensor(2.0450, device='cuda:0')","tensor(7.7959, device='cuda:0')","tensor(0.1159, device='cuda:0')"
51,0.061315674172795334,"tensor(0.1068, device='cuda:0')","tensor(0.2510, device='cuda:0')","tensor(0.6987, device='cuda:0', grad_fn=<DivBackward0>)","tensor(5.2691, device='cuda:0', grad_fn=<DivBackward0>)","tensor(0.1273, device='cuda:0', grad_fn=<DivBackward0>)","tensor(2.0477, device='cuda:0')","tensor(7.9071, device='cuda:0')","tensor(0.1182, device='cuda:0')"
52,0.06380009262458138,"tensor(0.1107, device='cuda:0')","tensor(0.2597, device='cuda:0')","tensor(0.8532, device='cuda:0', grad_fn=<DivBackward0>)","tensor(5.3440, device='cuda:0', grad_fn=<DivBackward0>)","tensor(0.1245, device='cuda:0', grad_fn=<DivBackward0>)","tensor(2.0005, device='cuda:0')","tensor(8.2208, device='cuda:0')","tensor(0.1164, device='cuda:0')"
53,0.06544920251421306,"tensor(0.0967, device='cuda:0')","tensor(0.3018, device='cuda:0')","tensor(0.8251, device='cuda:0', grad_fn=<DivBackward0>)","tensor(5.4229, device='cuda:0', grad_fn=<DivBackward0>)","tensor(0.1221, device='cuda:0', grad_fn=<DivBackward0>)","tensor(1.6864, device='cuda:0')","tensor(7.4125, device='cuda:0')","tensor(0.1136, device='cuda:0')"
54,0.06705781882223875,"tensor(0.0977, device='cuda:0')","tensor(0.2909, device='cuda:0')","tensor(0.5920, device='cuda:0', grad_fn=<DivBackward0>)","tensor(5.4487, device='cuda:0', grad_fn=<DivBackward0>)","tensor(0.1231, device='cuda:0', grad_fn=<DivBackward0>)","tensor(1.7891, device='cuda:0')","tensor(7.4712, device='cuda:0')","tensor(0.1198, device='cuda:0')"
55,0.06450664802737859,"tensor(0.0985, device='cuda:0')","tensor(0.3348, device='cuda:0')","tensor(0.6964, device='cuda:0', grad_fn=<DivBackward0>)","tensor(5.4199, device='cuda:0', grad_fn=<DivBackward0>)","tensor(0.1260, device='cuda:0', grad_fn=<DivBackward0>)","tensor(1.5081, device='cuda:0')","tensor(7.5502, device='cuda:0')","tensor(0.1104, device='cuda:0')"
56,0.06390216039574664,"tensor(0.1112, device='cuda:0')","tensor(0.2500, device='cuda:0')","tensor(0.8273, device='cuda:0', grad_fn=<DivBackward0>)","tensor(5.3697, device='cuda:0', grad_fn=<DivBackward0>)","tensor(0.1195, device='cuda:0', grad_fn=<DivBackward0>)","tensor(1.8949, device='cuda:0')","tensor(8.2817, device='cuda:0')","tensor(0.1155, device='cuda:0')"
57,0.06127893212048904,"tensor(0.0977, device='cuda:0')","tensor(0.2968, device='cuda:0')","tensor(0.7931, device='cuda:0', grad_fn=<DivBackward0>)","tensor(5.3027, device='cuda:0', grad_fn=<DivBackward0>)","tensor(0.1257, device='cuda:0', grad_fn=<DivBackward0>)","tensor(1.5376, device='cuda:0')","tensor(7.4367, device='cuda:0')","tensor(0.1283, device='cuda:0')"
58,0.058129554209501846,"tensor(0.1002, device='cuda:0')","tensor(0.2713, device='cuda:0')","tensor(0.6515, device='cuda:0', grad_fn=<DivBackward0>)","tensor(5.0563, device='cuda:0', grad_fn=<DivBackward0>)","tensor(0.1233, device='cuda:0', grad_fn=<DivBackward0>)","tensor(1.7336, device='cuda:0')","tensor(7.6053, device='cuda:0')","tensor(0.1165, device='cuda:0')"
59,0.06050096711386805,"tensor(0.1151, device='cuda:0')","tensor(0.2734, device='cuda:0')","tensor(0.8312, device='cuda:0', grad_fn=<DivBackward0>)","tensor(5.2379, device='cuda:0', grad_fn=<DivBackward0>)","tensor(0.1195, device='cuda:0', grad_fn=<DivBackward0>)","tensor(1.8892, device='cuda:0')","tensor(8.4712, device='cuda:0')","tensor(0.1006, device='cuda:0')"
60,0.05712866718354433,"tensor(0.1078, device='cuda:0')","tensor(0.2685, device='cuda:0')","tensor(0.6332, device='cuda:0', grad_fn=<DivBackward0>)","tensor(5.0512, device='cuda:0', grad_fn=<DivBackward0>)","tensor(0.1214, device='cuda:0', grad_fn=<DivBackward0>)","tensor(1.6604, device='cuda:0')","tensor(8.1040, device='cuda:0')","tensor(0.1132, device='cuda:0')"
61,0.05983804344483044,"tensor(0.0993, device='cuda:0')","tensor(0.2843, device='cuda:0')","tensor(0.9625, device='cuda:0', grad_fn=<DivBackward0>)","tensor(5.1414, device='cuda:0', grad_fn=<DivBackward0>)","tensor(0.1211, device='cuda:0', grad_fn=<DivBackward0>)","tensor(2.0476, device='cuda:0')","tensor(7.5258, device='cuda:0')","tensor(0.1079, device='cuda:0')"
62,0.05793069011491278,"tensor(0.0965, device='cuda:0')","tensor(0.3428, device='cuda:0')","tensor(0.7167, device='cuda:0', grad_fn=<DivBackward0>)","tensor(4.9810, device='cuda:0', grad_fn=<DivBackward0>)","tensor(0.1225, device='cuda:0', grad_fn=<DivBackward0>)","tensor(1.6016, device='cuda:0')","tensor(7.4404, device='cuda:0')","tensor(0.1208, device='cuda:0')"
63,0.06278677365702132,"tensor(0.1168, device='cuda:0')","tensor(0.2455, device='cuda:0')","tensor(0.6583, device='cuda:0', grad_fn=<DivBackward0>)","tensor(5.4156, device='cuda:0', grad_fn=<DivBackward0>)","tensor(0.1225, device='cuda:0', grad_fn=<DivBackward0>)","tensor(1.9733, device='cuda:0')","tensor(8.6186, device='cuda:0')","tensor(0.1146, device='cuda:0')"
64,0.057607979068289634,"tensor(0.1018, device='cuda:0')","tensor(0.2972, device='cuda:0')","tensor(0.6588, device='cuda:0', grad_fn=<DivBackward0>)","tensor(5.0483, device='cuda:0', grad_fn=<DivBackward0>)","tensor(0.1199, device='cuda:0', grad_fn=<DivBackward0>)","tensor(2.1887, device='cuda:0')","tensor(7.6188, device='cuda:0')","tensor(0.1084, device='cuda:0')"
65,0.055834214486505676,"tensor(0.0965, device='cuda:0')","tensor(0.2943, device='cuda:0')","tensor(0.5650, device='cuda:0', grad_fn=<DivBackward0>)","tensor(4.9609, device='cuda:0', grad_fn=<DivBackward0>)","tensor(0.1191, device='cuda:0', grad_fn=<DivBackward0>)","tensor(1.9929, device='cuda:0')","tensor(7.3872, device='cuda:0')","tensor(0.1167, device='cuda:0')"
66,0.05606106020834135,"tensor(0.1039, device='cuda:0')","tensor(0.2728, device='cuda:0')","tensor(0.6778, device='cuda:0', grad_fn=<DivBackward0>)","tensor(4.9151, device='cuda:0', grad_fn=<DivBackward0>)","tensor(0.1132, device='cuda:0', grad_fn=<DivBackward0>)","tensor(2.6125, device='cuda:0')","tensor(7.8706, device='cuda:0')","tensor(0.1074, device='cuda:0')"
67,0.056613896851954254,"tensor(0.1002, device='cuda:0')","tensor(0.3322, device='cuda:0')","tensor(0.6474, device='cuda:0', grad_fn=<DivBackward0>)","tensor(4.8973, device='cuda:0', grad_fn=<DivBackward0>)","tensor(0.1124, device='cuda:0', grad_fn=<DivBackward0>)","tensor(1.7507, device='cuda:0')","tensor(7.7058, device='cuda:0')","tensor(0.1039, device='cuda:0')"
68,0.057132008930911186,"tensor(0.1136, device='cuda:0')","tensor(0.2726, device='cuda:0')","tensor(0.8486, device='cuda:0', grad_fn=<DivBackward0>)","tensor(4.9965, device='cuda:0', grad_fn=<DivBackward0>)","tensor(0.1187, device='cuda:0', grad_fn=<DivBackward0>)","tensor(1.7545, device='cuda:0')","tensor(8.4736, device='cuda:0')","tensor(0.1173, device='cuda:0')"
69,0.05582535655602165,"tensor(0.1132, device='cuda:0')","tensor(0.3132, device='cuda:0')","tensor(0.6551, device='cuda:0', grad_fn=<DivBackward0>)","tensor(4.7677, device='cuda:0', grad_fn=<DivBackward0>)","tensor(0.1160, device='cuda:0', grad_fn=<DivBackward0>)","tensor(1.8424, device='cuda:0')","tensor(8.4399, device='cuda:0')","tensor(0.1046, device='cuda:0')"
70,0.06148313164063122,"tensor(0.1016, device='cuda:0')","tensor(0.2505, device='cuda:0')","tensor(0.6536, device='cuda:0', grad_fn=<DivBackward0>)","tensor(5.1703, device='cuda:0', grad_fn=<DivBackward0>)","tensor(0.1120, device='cuda:0', grad_fn=<DivBackward0>)","tensor(2.1483, device='cuda:0')","tensor(7.6579, device='cuda:0')","tensor(0.1211, device='cuda:0')"
71,0.05667695629855861,"tensor(0.1033, device='cuda:0')","tensor(0.3194, device='cuda:0')","tensor(0.7051, device='cuda:0', grad_fn=<DivBackward0>)","tensor(4.9851, device='cuda:0', grad_fn=<DivBackward0>)","tensor(0.1143, device='cuda:0', grad_fn=<DivBackward0>)","tensor(1.5785, device='cuda:0')","tensor(7.8260, device='cuda:0')","tensor(0.1137, device='cuda:0')"
72,0.05724864890394003,"tensor(0.0976, device='cuda:0')","tensor(0.2950, device='cuda:0')","tensor(0.6727, device='cuda:0', grad_fn=<DivBackward0>)","tensor(5.0121, device='cuda:0', grad_fn=<DivBackward0>)","tensor(0.1188, device='cuda:0', grad_fn=<DivBackward0>)","tensor(1.4689, device='cuda:0')","tensor(7.5047, device='cuda:0')","tensor(0.1136, device='cuda:0')"
73,0.05978037708479425,"tensor(0.1158, device='cuda:0')","tensor(0.2913, device='cuda:0')","tensor(0.6166, device='cuda:0', grad_fn=<DivBackward0>)","tensor(5.1023, device='cuda:0', grad_fn=<DivBackward0>)","tensor(0.1186, device='cuda:0', grad_fn=<DivBackward0>)","tensor(2.1222, device='cuda:0')","tensor(8.6016, device='cuda:0')","tensor(0.1061, device='cuda:0')"
74,0.058992116833510605,"tensor(0.1118, device='cuda:0')","tensor(0.2532, device='cuda:0')","tensor(0.7915, device='cuda:0', grad_fn=<DivBackward0>)","tensor(5.0997, device='cuda:0', grad_fn=<DivBackward0>)","tensor(0.1170, device='cuda:0', grad_fn=<DivBackward0>)","tensor(2.6035, device='cuda:0')","tensor(8.2371, device='cuda:0')","tensor(0.1211, device='cuda:0')"
75,0.05639968132195265,"tensor(0.0937, device='cuda:0')","tensor(0.3166, device='cuda:0')","tensor(0.6256, device='cuda:0', grad_fn=<DivBackward0>)","tensor(4.9588, device='cuda:0', grad_fn=<DivBackward0>)","tensor(0.1174, device='cuda:0', grad_fn=<DivBackward0>)","tensor(2.0202, device='cuda:0')","tensor(7.2239, device='cuda:0')","tensor(0.1080, device='cuda:0')"
76,0.0568904173762902,"tensor(0.1024, device='cuda:0')","tensor(0.2678, device='cuda:0')","tensor(0.5214, device='cuda:0', grad_fn=<DivBackward0>)","tensor(4.9928, device='cuda:0', grad_fn=<DivBackward0>)","tensor(0.1160, device='cuda:0', grad_fn=<DivBackward0>)","tensor(2.1401, device='cuda:0')","tensor(7.6229, device='cuda:0')","tensor(0.1095, device='cuda:0')"
77,0.05453217159146848,"tensor(0.1026, device='cuda:0')","tensor(0.3228, device='cuda:0')","tensor(0.5565, device='cuda:0', grad_fn=<DivBackward0>)","tensor(4.8090, device='cuda:0', grad_fn=<DivBackward0>)","tensor(0.1112, device='cuda:0', grad_fn=<DivBackward0>)","tensor(1.7671, device='cuda:0')","tensor(7.8347, device='cuda:0')","tensor(0.1086, device='cuda:0')"
78,0.05444084755752398,"tensor(0.1020, device='cuda:0')","tensor(0.3192, device='cuda:0')","tensor(0.6458, device='cuda:0', grad_fn=<DivBackward0>)","tensor(4.7308, device='cuda:0', grad_fn=<DivBackward0>)","tensor(0.1135, device='cuda:0', grad_fn=<DivBackward0>)","tensor(1.8907, device='cuda:0')","tensor(7.7896, device='cuda:0')","tensor(0.1110, device='cuda:0')"
79,0.05823204212862512,"tensor(0.1003, device='cuda:0')","tensor(0.2853, device='cuda:0')","tensor(0.5736, device='cuda:0', grad_fn=<DivBackward0>)","tensor(4.9951, device='cuda:0', grad_fn=<DivBackward0>)","tensor(0.1164, device='cuda:0', grad_fn=<DivBackward0>)","tensor(2.0779, device='cuda:0')","tensor(7.5938, device='cuda:0')","tensor(0.1264, device='cuda:0')"
80,0.056728768607844475,"tensor(0.1111, device='cuda:0')","tensor(0.2996, device='cuda:0')","tensor(0.5285, device='cuda:0', grad_fn=<DivBackward0>)","tensor(5.0278, device='cuda:0', grad_fn=<DivBackward0>)","tensor(0.1149, device='cuda:0', grad_fn=<DivBackward0>)","tensor(2.0728, device='cuda:0')","tensor(8.3594, device='cuda:0')","tensor(0.1082, device='cuda:0')"
81,0.05616234194325364,"tensor(0.1087, device='cuda:0')","tensor(0.3278, device='cuda:0')","tensor(0.4474, device='cuda:0', grad_fn=<DivBackward0>)","tensor(4.8905, device='cuda:0', grad_fn=<DivBackward0>)","tensor(0.1169, device='cuda:0', grad_fn=<DivBackward0>)","tensor(1.6216, device='cuda:0')","tensor(8.1550, device='cuda:0')","tensor(0.1046, device='cuda:0')"
82,0.05615278268637865,"tensor(0.1021, device='cuda:0')","tensor(0.3293, device='cuda:0')","tensor(0.5795, device='cuda:0', grad_fn=<DivBackward0>)","tensor(4.9434, device='cuda:0', grad_fn=<DivBackward0>)","tensor(0.1143, device='cuda:0', grad_fn=<DivBackward0>)","tensor(1.9567, device='cuda:0')","tensor(7.7648, device='cuda:0')","tensor(0.1056, device='cuda:0')"
83,0.050516590961943504,"tensor(0.0951, device='cuda:0')","tensor(0.3082, device='cuda:0')","tensor(0.5701, device='cuda:0', grad_fn=<DivBackward0>)","tensor(4.5883, device='cuda:0', grad_fn=<DivBackward0>)","tensor(0.1145, device='cuda:0', grad_fn=<DivBackward0>)","tensor(2.8127, device='cuda:0')","tensor(7.1566, device='cuda:0')","tensor(0.1091, device='cuda:0')"
84,0.05534949801538302,"tensor(0.1072, device='cuda:0')","tensor(0.3153, device='cuda:0')","tensor(0.5608, device='cuda:0', grad_fn=<DivBackward0>)","tensor(4.8415, device='cuda:0', grad_fn=<DivBackward0>)","tensor(0.1089, device='cuda:0', grad_fn=<DivBackward0>)","tensor(2.0429, device='cuda:0')","tensor(7.9846, device='cuda:0')","tensor(0.1029, device='cuda:0')"
85,0.05589837467540865,"tensor(0.1081, device='cuda:0')","tensor(0.3025, device='cuda:0')","tensor(0.5134, device='cuda:0', grad_fn=<DivBackward0>)","tensor(4.9620, device='cuda:0', grad_fn=<DivBackward0>)","tensor(0.1114, device='cuda:0', grad_fn=<DivBackward0>)","tensor(2.7586, device='cuda:0')","tensor(8.0510, device='cuda:0')","tensor(0.1054, device='cuda:0')"
86,0.05125813882635987,"tensor(0.0983, device='cuda:0')","tensor(0.3172, device='cuda:0')","tensor(0.5342, device='cuda:0', grad_fn=<DivBackward0>)","tensor(4.5908, device='cuda:0', grad_fn=<DivBackward0>)","tensor(0.1089, device='cuda:0', grad_fn=<DivBackward0>)","tensor(1.7669, device='cuda:0')","tensor(7.4616, device='cuda:0')","tensor(0.1125, device='cuda:0')"
87,0.05072298467807148,"tensor(0.1020, device='cuda:0')","tensor(0.2988, device='cuda:0')","tensor(0.5205, device='cuda:0', grad_fn=<DivBackward0>)","tensor(4.4852, device='cuda:0', grad_fn=<DivBackward0>)","tensor(0.1051, device='cuda:0', grad_fn=<DivBackward0>)","tensor(2.1247, device='cuda:0')","tensor(7.7523, device='cuda:0')","tensor(0.1139, device='cuda:0')"
88,0.05066468987775886,"tensor(0.1048, device='cuda:0')","tensor(0.3116, device='cuda:0')","tensor(0.4157, device='cuda:0', grad_fn=<DivBackward0>)","tensor(4.5218, device='cuda:0', grad_fn=<DivBackward0>)","tensor(0.1081, device='cuda:0', grad_fn=<DivBackward0>)","tensor(1.7782, device='cuda:0')","tensor(7.7904, device='cuda:0')","tensor(0.1012, device='cuda:0')"
89,0.05164284161899401,"tensor(0.0957, device='cuda:0')","tensor(0.2817, device='cuda:0')","tensor(0.5263, device='cuda:0', grad_fn=<DivBackward0>)","tensor(4.4761, device='cuda:0', grad_fn=<DivBackward0>)","tensor(0.1123, device='cuda:0', grad_fn=<DivBackward0>)","tensor(1.9556, device='cuda:0')","tensor(7.4296, device='cuda:0')","tensor(0.1145, device='cuda:0')"
90,0.05560221830787866,"tensor(0.1105, device='cuda:0')","tensor(0.2811, device='cuda:0')","tensor(0.4085, device='cuda:0', grad_fn=<DivBackward0>)","tensor(4.8579, device='cuda:0', grad_fn=<DivBackward0>)","tensor(0.1177, device='cuda:0', grad_fn=<DivBackward0>)","tensor(2.4979, device='cuda:0')","tensor(8.0378, device='cuda:0')","tensor(0.1209, device='cuda:0')"
91,0.05269289421646491,"tensor(0.1082, device='cuda:0')","tensor(0.2760, device='cuda:0')","tensor(0.5525, device='cuda:0', grad_fn=<DivBackward0>)","tensor(4.7303, device='cuda:0', grad_fn=<DivBackward0>)","tensor(0.1189, device='cuda:0', grad_fn=<DivBackward0>)","tensor(2.7940, device='cuda:0')","tensor(7.9876, device='cuda:0')","tensor(0.1102, device='cuda:0')"
92,0.05153529443170713,"tensor(0.0997, device='cuda:0')","tensor(0.3156, device='cuda:0')","tensor(0.4824, device='cuda:0', grad_fn=<DivBackward0>)","tensor(4.6328, device='cuda:0', grad_fn=<DivBackward0>)","tensor(0.1093, device='cuda:0', grad_fn=<DivBackward0>)","tensor(2.0942, device='cuda:0')","tensor(7.5610, device='cuda:0')","tensor(0.1024, device='cuda:0')"
93,0.050055617385584374,"tensor(0.0983, device='cuda:0')","tensor(0.3355, device='cuda:0')","tensor(0.4525, device='cuda:0', grad_fn=<DivBackward0>)","tensor(4.5517, device='cuda:0', grad_fn=<DivBackward0>)","tensor(0.1067, device='cuda:0', grad_fn=<DivBackward0>)","tensor(2.1265, device='cuda:0')","tensor(7.5133, device='cuda:0')","tensor(0.1118, device='cuda:0')"
94,0.05213402082090792,"tensor(0.1022, device='cuda:0')","tensor(0.2998, device='cuda:0')","tensor(0.5998, device='cuda:0', grad_fn=<DivBackward0>)","tensor(4.6387, device='cuda:0', grad_fn=<DivBackward0>)","tensor(0.1106, device='cuda:0', grad_fn=<DivBackward0>)","tensor(2.4045, device='cuda:0')","tensor(7.8151, device='cuda:0')","tensor(0.1053, device='cuda:0')"
95,0.05246874544283618,"tensor(0.0916, device='cuda:0')","tensor(0.3270, device='cuda:0')","tensor(0.4474, device='cuda:0', grad_fn=<DivBackward0>)","tensor(4.6845, device='cuda:0', grad_fn=<DivBackward0>)","tensor(0.1068, device='cuda:0', grad_fn=<DivBackward0>)","tensor(2.1445, device='cuda:0')","tensor(7.1451, device='cuda:0')","tensor(0.1046, device='cuda:0')"
96,0.053260887446610825,"tensor(0.1075, device='cuda:0')","tensor(0.3262, device='cuda:0')","tensor(0.4725, device='cuda:0', grad_fn=<DivBackward0>)","tensor(4.6873, device='cuda:0', grad_fn=<DivBackward0>)","tensor(0.1063, device='cuda:0', grad_fn=<DivBackward0>)","tensor(2.0953, device='cuda:0')","tensor(8.1503, device='cuda:0')","tensor(0.1002, device='cuda:0')"
97,0.05155399295946826,"tensor(0.0920, device='cuda:0')","tensor(0.3160, device='cuda:0')","tensor(0.4130, device='cuda:0', grad_fn=<DivBackward0>)","tensor(4.5418, device='cuda:0', grad_fn=<DivBackward0>)","tensor(0.1032, device='cuda:0', grad_fn=<DivBackward0>)","tensor(1.8962, device='cuda:0')","tensor(7.2600, device='cuda:0')","tensor(0.1088, device='cuda:0')"
98,0.05243606946390608,"tensor(0.0952, device='cuda:0')","tensor(0.3267, device='cuda:0')","tensor(0.7118, device='cuda:0', grad_fn=<DivBackward0>)","tensor(4.6270, device='cuda:0', grad_fn=<DivBackward0>)","tensor(0.1090, device='cuda:0', grad_fn=<DivBackward0>)","tensor(2.1951, device='cuda:0')","tensor(7.4103, device='cuda:0')","tensor(0.1125, device='cuda:0')"
99,0.05039113873372907,"tensor(0.1146, device='cuda:0')","tensor(0.2766, device='cuda:0')","tensor(0.6882, device='cuda:0', grad_fn=<DivBackward0>)","tensor(4.5211, device='cuda:0', grad_fn=<DivBackward0>)","tensor(0.1084, device='cuda:0', grad_fn=<DivBackward0>)","tensor(2.5894, device='cuda:0')","tensor(8.3014, device='cuda:0')","tensor(0.1108, device='cuda:0')"
100,0.05366889063430869,"tensor(0.0953, device='cuda:0')","tensor(0.3284, device='cuda:0')","tensor(0.5237, device='cuda:0', grad_fn=<DivBackward0>)","tensor(4.6046, device='cuda:0', grad_fn=<DivBackward0>)","tensor(0.1029, device='cuda:0', grad_fn=<DivBackward0>)","tensor(1.9986, device='cuda:0')","tensor(7.3289, device='cuda:0')","tensor(0.1122, device='cuda:0')"
101,0.0503410314736159,"tensor(0.0945, device='cuda:0')","tensor(0.3061, device='cuda:0')","tensor(0.4522, device='cuda:0', grad_fn=<DivBackward0>)","tensor(4.6297, device='cuda:0', grad_fn=<DivBackward0>)","tensor(0.1046, device='cuda:0', grad_fn=<DivBackward0>)","tensor(2.1748, device='cuda:0')","tensor(7.3235, device='cuda:0')","tensor(0.1047, device='cuda:0')"
102,0.0477173678253008,"tensor(0.0953, device='cuda:0')","tensor(0.3376, device='cuda:0')","tensor(0.5445, device='cuda:0', grad_fn=<DivBackward0>)","tensor(4.4045, device='cuda:0', grad_fn=<DivBackward0>)","tensor(0.1048, device='cuda:0', grad_fn=<DivBackward0>)","tensor(2.0553, device='cuda:0')","tensor(7.3245, device='cuda:0')","tensor(0.1045, device='cuda:0')"
103,0.046218755452529243,"tensor(0.0917, device='cuda:0')","tensor(0.2749, device='cuda:0')","tensor(0.4156, device='cuda:0', grad_fn=<DivBackward0>)","tensor(4.2611, device='cuda:0', grad_fn=<DivBackward0>)","tensor(0.1027, device='cuda:0', grad_fn=<DivBackward0>)","tensor(2.6413, device='cuda:0')","tensor(7.0793, device='cuda:0')","tensor(0.1219, device='cuda:0')"
104,0.05097908785809641,"tensor(0.1227, device='cuda:0')","tensor(0.2955, device='cuda:0')","tensor(0.4217, device='cuda:0', grad_fn=<DivBackward0>)","tensor(4.5341, device='cuda:0', grad_fn=<DivBackward0>)","tensor(0.1026, device='cuda:0', grad_fn=<DivBackward0>)","tensor(3.0115, device='cuda:0')","tensor(8.6289, device='cuda:0')","tensor(0.0991, device='cuda:0')"
105,0.05265828578368477,"tensor(0.1128, device='cuda:0')","tensor(0.2930, device='cuda:0')","tensor(0.5058, device='cuda:0', grad_fn=<DivBackward0>)","tensor(4.7123, device='cuda:0', grad_fn=<DivBackward0>)","tensor(0.1093, device='cuda:0', grad_fn=<DivBackward0>)","tensor(2.9000, device='cuda:0')","tensor(8.1868, device='cuda:0')","tensor(0.1060, device='cuda:0')"
106,0.04788017758856649,"tensor(0.0942, device='cuda:0')","tensor(0.3183, device='cuda:0')","tensor(0.4399, device='cuda:0', grad_fn=<DivBackward0>)","tensor(4.3948, device='cuda:0', grad_fn=<DivBackward0>)","tensor(0.1021, device='cuda:0', grad_fn=<DivBackward0>)","tensor(2.4609, device='cuda:0')","tensor(7.2631, device='cuda:0')","tensor(0.1111, device='cuda:0')"
107,0.046317576714183975,"tensor(0.1007, device='cuda:0')","tensor(0.3017, device='cuda:0')","tensor(0.3909, device='cuda:0', grad_fn=<DivBackward0>)","tensor(4.2625, device='cuda:0', grad_fn=<DivBackward0>)","tensor(0.0999, device='cuda:0', grad_fn=<DivBackward0>)","tensor(2.8908, device='cuda:0')","tensor(7.6300, device='cuda:0')","tensor(0.1061, device='cuda:0')"
108,0.04826370821050976,"tensor(0.0917, device='cuda:0')","tensor(0.3648, device='cuda:0')","tensor(0.3444, device='cuda:0', grad_fn=<DivBackward0>)","tensor(4.4354, device='cuda:0', grad_fn=<DivBackward0>)","tensor(0.1015, device='cuda:0', grad_fn=<DivBackward0>)","tensor(1.8916, device='cuda:0')","tensor(7.1564, device='cuda:0')","tensor(0.0980, device='cuda:0')"
109,0.04778097116428873,"tensor(0.0994, device='cuda:0')","tensor(0.2981, device='cuda:0')","tensor(0.3869, device='cuda:0', grad_fn=<DivBackward0>)","tensor(4.4016, device='cuda:0', grad_fn=<DivBackward0>)","tensor(0.1036, device='cuda:0', grad_fn=<DivBackward0>)","tensor(2.2746, device='cuda:0')","tensor(7.5245, device='cuda:0')","tensor(0.1061, device='cuda:0')"
110,0.048551595081453736,"tensor(0.0931, device='cuda:0')","tensor(0.3506, device='cuda:0')","tensor(0.4261, device='cuda:0', grad_fn=<DivBackward0>)","tensor(4.4052, device='cuda:0', grad_fn=<DivBackward0>)","tensor(0.1021, device='cuda:0', grad_fn=<DivBackward0>)","tensor(1.9549, device='cuda:0')","tensor(7.1546, device='cuda:0')","tensor(0.1029, device='cuda:0')"
111,0.04887930789719457,"tensor(0.0902, device='cuda:0')","tensor(0.3040, device='cuda:0')","tensor(0.4884, device='cuda:0', grad_fn=<DivBackward0>)","tensor(4.4379, device='cuda:0', grad_fn=<DivBackward0>)","tensor(0.1054, device='cuda:0', grad_fn=<DivBackward0>)","tensor(2.1021, device='cuda:0')","tensor(6.9578, device='cuda:0')","tensor(0.1125, device='cuda:0')"
112,0.05059304072157196,"tensor(0.1025, device='cuda:0')","tensor(0.3210, device='cuda:0')","tensor(0.4698, device='cuda:0', grad_fn=<DivBackward0>)","tensor(4.6164, device='cuda:0', grad_fn=<DivBackward0>)","tensor(0.1067, device='cuda:0', grad_fn=<DivBackward0>)","tensor(2.3639, device='cuda:0')","tensor(7.6897, device='cuda:0')","tensor(0.1018, device='cuda:0')"
113,0.04809209331870079,"tensor(0.0949, device='cuda:0')","tensor(0.2953, device='cuda:0')","tensor(0.4111, device='cuda:0', grad_fn=<DivBackward0>)","tensor(4.2978, device='cuda:0', grad_fn=<DivBackward0>)","tensor(0.1015, device='cuda:0', grad_fn=<DivBackward0>)","tensor(2.7595, device='cuda:0')","tensor(7.2364, device='cuda:0')","tensor(0.1073, device='cuda:0')"
114,0.05081648460548857,"tensor(0.1019, device='cuda:0')","tensor(0.2687, device='cuda:0')","tensor(0.4964, device='cuda:0', grad_fn=<DivBackward0>)","tensor(4.5529, device='cuda:0', grad_fn=<DivBackward0>)","tensor(0.1029, device='cuda:0', grad_fn=<DivBackward0>)","tensor(2.4243, device='cuda:0')","tensor(7.7064, device='cuda:0')","tensor(0.1023, device='cuda:0')"
115,0.04976184342218482,"tensor(0.0976, device='cuda:0')","tensor(0.3395, device='cuda:0')","tensor(0.4237, device='cuda:0', grad_fn=<DivBackward0>)","tensor(4.4994, device='cuda:0', grad_fn=<DivBackward0>)","tensor(0.0988, device='cuda:0', grad_fn=<DivBackward0>)","tensor(2.0163, device='cuda:0')","tensor(7.4414, device='cuda:0')","tensor(0.0964, device='cuda:0')"
116,0.047768806795711105,"tensor(0.0974, device='cuda:0')","tensor(0.3033, device='cuda:0')","tensor(0.3245, device='cuda:0', grad_fn=<DivBackward0>)","tensor(4.4484, device='cuda:0', grad_fn=<DivBackward0>)","tensor(0.1062, device='cuda:0', grad_fn=<DivBackward0>)","tensor(3.0245, device='cuda:0')","tensor(7.3403, device='cuda:0')","tensor(0.1097, device='cuda:0')"
117,0.048860348761081696,"tensor(0.0927, device='cuda:0')","tensor(0.2995, device='cuda:0')","tensor(0.3122, device='cuda:0', grad_fn=<DivBackward0>)","tensor(4.3724, device='cuda:0', grad_fn=<DivBackward0>)","tensor(0.1057, device='cuda:0', grad_fn=<DivBackward0>)","tensor(2.5863, device='cuda:0')","tensor(7.2153, device='cuda:0')","tensor(0.1085, device='cuda:0')"
118,0.046812017974646195,"tensor(0.0997, device='cuda:0')","tensor(0.3419, device='cuda:0')","tensor(0.3956, device='cuda:0', grad_fn=<DivBackward0>)","tensor(4.3489, device='cuda:0', grad_fn=<DivBackward0>)","tensor(0.1031, device='cuda:0', grad_fn=<DivBackward0>)","tensor(2.6038, device='cuda:0')","tensor(7.5006, device='cuda:0')","tensor(0.1017, device='cuda:0')"
119,0.045874664155037506,"tensor(0.0970, device='cuda:0')","tensor(0.3255, device='cuda:0')","tensor(0.4178, device='cuda:0', grad_fn=<DivBackward0>)","tensor(4.2792, device='cuda:0', grad_fn=<DivBackward0>)","tensor(0.0992, device='cuda:0', grad_fn=<DivBackward0>)","tensor(2.6595, device='cuda:0')","tensor(7.3210, device='cuda:0')","tensor(0.1015, device='cuda:0')"
120,0.04707731257962144,"tensor(0.0961, device='cuda:0')","tensor(0.3546, device='cuda:0')","tensor(0.5076, device='cuda:0', grad_fn=<DivBackward0>)","tensor(4.2485, device='cuda:0', grad_fn=<DivBackward0>)","tensor(0.0953, device='cuda:0', grad_fn=<DivBackward0>)","tensor(1.9540, device='cuda:0')","tensor(7.3261, device='cuda:0')","tensor(0.0976, device='cuda:0')"
121,0.04729503879080648,"tensor(0.0903, device='cuda:0')","tensor(0.3306, device='cuda:0')","tensor(0.3029, device='cuda:0', grad_fn=<DivBackward0>)","tensor(4.2701, device='cuda:0', grad_fn=<DivBackward0>)","tensor(0.0976, device='cuda:0', grad_fn=<DivBackward0>)","tensor(2.3254, device='cuda:0')","tensor(6.9979, device='cuda:0')","tensor(0.1014, device='cuda:0')"
122,0.04877408423825451,"tensor(0.1025, device='cuda:0')","tensor(0.3199, device='cuda:0')","tensor(0.4676, device='cuda:0', grad_fn=<DivBackward0>)","tensor(4.4761, device='cuda:0', grad_fn=<DivBackward0>)","tensor(0.1079, device='cuda:0', grad_fn=<DivBackward0>)","tensor(2.8673, device='cuda:0')","tensor(7.7336, device='cuda:0')","tensor(0.1084, device='cuda:0')"
123,0.04694134077948073,"tensor(0.0974, device='cuda:0')","tensor(0.2385, device='cuda:0')","tensor(0.5157, device='cuda:0', grad_fn=<DivBackward0>)","tensor(4.3259, device='cuda:0', grad_fn=<DivBackward0>)","tensor(0.1001, device='cuda:0', grad_fn=<DivBackward0>)","tensor(2.8946, device='cuda:0')","tensor(7.3618, device='cuda:0')","tensor(0.1206, device='cuda:0')"
124,0.047380200708689896,"tensor(0.0986, device='cuda:0')","tensor(0.2849, device='cuda:0')","tensor(0.4019, device='cuda:0', grad_fn=<DivBackward0>)","tensor(4.3330, device='cuda:0', grad_fn=<DivBackward0>)","tensor(0.1003, device='cuda:0', grad_fn=<DivBackward0>)","tensor(2.4661, device='cuda:0')","tensor(7.4739, device='cuda:0')","tensor(0.1112, device='cuda:0')"
125,0.04411850642898808,"tensor(0.0945, device='cuda:0')","tensor(0.2556, device='cuda:0')","tensor(0.3250, device='cuda:0', grad_fn=<DivBackward0>)","tensor(4.0441, device='cuda:0', grad_fn=<DivBackward0>)","tensor(0.0994, device='cuda:0', grad_fn=<DivBackward0>)","tensor(2.9128, device='cuda:0')","tensor(7.1246, device='cuda:0')","tensor(0.1077, device='cuda:0')"
126,0.04766631174994552,"tensor(0.0999, device='cuda:0')","tensor(0.3288, device='cuda:0')","tensor(0.3240, device='cuda:0', grad_fn=<DivBackward0>)","tensor(4.2870, device='cuda:0', grad_fn=<DivBackward0>)","tensor(0.0974, device='cuda:0', grad_fn=<DivBackward0>)","tensor(2.1385, device='cuda:0')","tensor(7.6226, device='cuda:0')","tensor(0.1022, device='cuda:0')"
127,0.04883927171644957,"tensor(0.0933, device='cuda:0')","tensor(0.2793, device='cuda:0')","tensor(0.3931, device='cuda:0', grad_fn=<DivBackward0>)","tensor(4.3410, device='cuda:0', grad_fn=<DivBackward0>)","tensor(0.0987, device='cuda:0', grad_fn=<DivBackward0>)","tensor(2.1386, device='cuda:0')","tensor(7.1396, device='cuda:0')","tensor(0.1237, device='cuda:0')"
128,0.0502969426629336,"tensor(0.0965, device='cuda:0')","tensor(0.2838, device='cuda:0')","tensor(0.5615, device='cuda:0', grad_fn=<DivBackward0>)","tensor(4.5043, device='cuda:0', grad_fn=<DivBackward0>)","tensor(0.1005, device='cuda:0', grad_fn=<DivBackward0>)","tensor(2.3562, device='cuda:0')","tensor(7.3055, device='cuda:0')","tensor(0.1066, device='cuda:0')"
129,0.04846726131180058,"tensor(0.1017, device='cuda:0')","tensor(0.2703, device='cuda:0')","tensor(0.5094, device='cuda:0', grad_fn=<DivBackward0>)","tensor(4.4101, device='cuda:0', grad_fn=<DivBackward0>)","tensor(0.1018, device='cuda:0', grad_fn=<DivBackward0>)","tensor(3.1362, device='cuda:0')","tensor(7.7002, device='cuda:0')","tensor(0.1087, device='cuda:0')"
130,0.05085084830289301,"tensor(0.1069, device='cuda:0')","tensor(0.2796, device='cuda:0')","tensor(0.5505, device='cuda:0', grad_fn=<DivBackward0>)","tensor(4.6368, device='cuda:0', grad_fn=<DivBackward0>)","tensor(0.1081, device='cuda:0', grad_fn=<DivBackward0>)","tensor(3.6078, device='cuda:0')","tensor(7.8492, device='cuda:0')","tensor(0.1070, device='cuda:0')"
131,0.04772027338976446,"tensor(0.0892, device='cuda:0')","tensor(0.3532, device='cuda:0')","tensor(0.4256, device='cuda:0', grad_fn=<DivBackward0>)","tensor(4.3557, device='cuda:0', grad_fn=<DivBackward0>)","tensor(0.1006, device='cuda:0', grad_fn=<DivBackward0>)","tensor(2.0436, device='cuda:0')","tensor(7.1299, device='cuda:0')","tensor(0.1083, device='cuda:0')"
132,0.04688268916114517,"tensor(0.0920, device='cuda:0')","tensor(0.2706, device='cuda:0')","tensor(0.4050, device='cuda:0', grad_fn=<DivBackward0>)","tensor(4.3364, device='cuda:0', grad_fn=<DivBackward0>)","tensor(0.1052, device='cuda:0', grad_fn=<DivBackward0>)","tensor(2.5044, device='cuda:0')","tensor(7.0146, device='cuda:0')","tensor(0.1144, device='cuda:0')"
133,0.046228115811296135,"tensor(0.0940, device='cuda:0')","tensor(0.3477, device='cuda:0')","tensor(0.2977, device='cuda:0', grad_fn=<DivBackward0>)","tensor(4.2480, device='cuda:0', grad_fn=<DivBackward0>)","tensor(0.0972, device='cuda:0', grad_fn=<DivBackward0>)","tensor(2.9029, device='cuda:0')","tensor(7.2284, device='cuda:0')","tensor(0.0978, device='cuda:0')"
134,0.04521114962256473,"tensor(0.0925, device='cuda:0')","tensor(0.3209, device='cuda:0')","tensor(0.2458, device='cuda:0', grad_fn=<DivBackward0>)","tensor(4.1398, device='cuda:0', grad_fn=<DivBackward0>)","tensor(0.0928, device='cuda:0', grad_fn=<DivBackward0>)","tensor(3.2143, device='cuda:0')","tensor(6.9904, device='cuda:0')","tensor(0.1058, device='cuda:0')"
135,0.046018999555836555,"tensor(0.0893, device='cuda:0')","tensor(0.3378, device='cuda:0')","tensor(0.3189, device='cuda:0', grad_fn=<DivBackward0>)","tensor(4.2186, device='cuda:0', grad_fn=<DivBackward0>)","tensor(0.0938, device='cuda:0', grad_fn=<DivBackward0>)","tensor(2.8978, device='cuda:0')","tensor(6.9940, device='cuda:0')","tensor(0.0977, device='cuda:0')"
136,0.04690948727986087,"tensor(0.1020, device='cuda:0')","tensor(0.3400, device='cuda:0')","tensor(0.4065, device='cuda:0', grad_fn=<DivBackward0>)","tensor(4.3154, device='cuda:0', grad_fn=<DivBackward0>)","tensor(0.0939, device='cuda:0', grad_fn=<DivBackward0>)","tensor(2.2832, device='cuda:0')","tensor(7.7637, device='cuda:0')","tensor(0.0991, device='cuda:0')"
137,0.047924135690150055,"tensor(0.0938, device='cuda:0')","tensor(0.3145, device='cuda:0')","tensor(0.4176, device='cuda:0', grad_fn=<DivBackward0>)","tensor(4.3429, device='cuda:0', grad_fn=<DivBackward0>)","tensor(0.0967, device='cuda:0', grad_fn=<DivBackward0>)","tensor(2.1958, device='cuda:0')","tensor(7.1563, device='cuda:0')","tensor(0.1071, device='cuda:0')"
138,0.04433108023975207,"tensor(0.0977, device='cuda:0')","tensor(0.3120, device='cuda:0')","tensor(0.4172, device='cuda:0', grad_fn=<DivBackward0>)","tensor(4.0907, device='cuda:0', grad_fn=<DivBackward0>)","tensor(0.0947, device='cuda:0', grad_fn=<DivBackward0>)","tensor(2.7806, device='cuda:0')","tensor(7.4761, device='cuda:0')","tensor(0.1038, device='cuda:0')"
139,0.046916449847428696,"tensor(0.1006, device='cuda:0')","tensor(0.2578, device='cuda:0')","tensor(0.3746, device='cuda:0', grad_fn=<DivBackward0>)","tensor(4.3772, device='cuda:0', grad_fn=<DivBackward0>)","tensor(0.0945, device='cuda:0', grad_fn=<DivBackward0>)","tensor(2.5242, device='cuda:0')","tensor(7.6157, device='cuda:0')","tensor(0.1163, device='cuda:0')"
140,0.043845324898543564,"tensor(0.1008, device='cuda:0')","tensor(0.2546, device='cuda:0')","tensor(0.4522, device='cuda:0', grad_fn=<DivBackward0>)","tensor(4.0016, device='cuda:0', grad_fn=<DivBackward0>)","tensor(0.0928, device='cuda:0', grad_fn=<DivBackward0>)","tensor(4.9638, device='cuda:0')","tensor(7.3511, device='cuda:0')","tensor(0.1056, device='cuda:0')"
141,0.04252589332020801,"tensor(0.0977, device='cuda:0')","tensor(0.3473, device='cuda:0')","tensor(0.3680, device='cuda:0', grad_fn=<DivBackward0>)","tensor(3.9740, device='cuda:0', grad_fn=<DivBackward0>)","tensor(0.0955, device='cuda:0', grad_fn=<DivBackward0>)","tensor(2.1253, device='cuda:0')","tensor(7.4707, device='cuda:0')","tensor(0.0997, device='cuda:0')"
142,0.043332460295894874,"tensor(0.0977, device='cuda:0')","tensor(0.3406, device='cuda:0')","tensor(0.4031, device='cuda:0', grad_fn=<DivBackward0>)","tensor(4.0184, device='cuda:0', grad_fn=<DivBackward0>)","tensor(0.0902, device='cuda:0', grad_fn=<DivBackward0>)","tensor(3.0672, device='cuda:0')","tensor(7.4659, device='cuda:0')","tensor(0.1024, device='cuda:0')"
143,0.04352030158042908,"tensor(0.0892, device='cuda:0')","tensor(0.2936, device='cuda:0')","tensor(0.2838, device='cuda:0', grad_fn=<DivBackward0>)","tensor(3.9937, device='cuda:0', grad_fn=<DivBackward0>)","tensor(0.0904, device='cuda:0', grad_fn=<DivBackward0>)","tensor(1.9746, device='cuda:0')","tensor(7.1481, device='cuda:0')","tensor(0.1157, device='cuda:0')"
144,0.04356456143052682,"tensor(0.0939, device='cuda:0')","tensor(0.3131, device='cuda:0')","tensor(0.3335, device='cuda:0', grad_fn=<DivBackward0>)","tensor(4.0321, device='cuda:0', grad_fn=<DivBackward0>)","tensor(0.0896, device='cuda:0', grad_fn=<DivBackward0>)","tensor(1.8777, device='cuda:0')","tensor(7.3348, device='cuda:0')","tensor(0.1106, device='cuda:0')"
145,0.04594368212248968,"tensor(0.0951, device='cuda:0')","tensor(0.2676, device='cuda:0')","tensor(0.6100, device='cuda:0', grad_fn=<DivBackward0>)","tensor(4.2433, device='cuda:0', grad_fn=<DivBackward0>)","tensor(0.0952, device='cuda:0', grad_fn=<DivBackward0>)","tensor(2.5797, device='cuda:0')","tensor(7.2141, device='cuda:0')","tensor(0.1209, device='cuda:0')"
146,0.04433715877973515,"tensor(0.1108, device='cuda:0')","tensor(0.3320, device='cuda:0')","tensor(0.4809, device='cuda:0', grad_fn=<DivBackward0>)","tensor(4.1265, device='cuda:0', grad_fn=<DivBackward0>)","tensor(0.0965, device='cuda:0', grad_fn=<DivBackward0>)","tensor(3.1166, device='cuda:0')","tensor(8.0667, device='cuda:0')","tensor(0.0979, device='cuda:0')"
147,0.04287790466585885,"tensor(0.0956, device='cuda:0')","tensor(0.3080, device='cuda:0')","tensor(0.2895, device='cuda:0', grad_fn=<DivBackward0>)","tensor(4.0751, device='cuda:0', grad_fn=<DivBackward0>)","tensor(0.0941, device='cuda:0', grad_fn=<DivBackward0>)","tensor(1.9048, device='cuda:0')","tensor(7.3108, device='cuda:0')","tensor(0.1032, device='cuda:0')"
148,0.043048548471668495,"tensor(0.0863, device='cuda:0')","tensor(0.3440, device='cuda:0')","tensor(0.3184, device='cuda:0', grad_fn=<DivBackward0>)","tensor(4.0865, device='cuda:0', grad_fn=<DivBackward0>)","tensor(0.0926, device='cuda:0', grad_fn=<DivBackward0>)","tensor(1.6579, device='cuda:0')","tensor(6.7044, device='cuda:0')","tensor(0.0987, device='cuda:0')"
149,0.04436922057167343,"tensor(0.1032, device='cuda:0')","tensor(0.3385, device='cuda:0')","tensor(0.2918, device='cuda:0', grad_fn=<DivBackward0>)","tensor(4.1689, device='cuda:0', grad_fn=<DivBackward0>)","tensor(0.0891, device='cuda:0', grad_fn=<DivBackward0>)","tensor(3.3918, device='cuda:0')","tensor(7.6730, device='cuda:0')","tensor(0.0934, device='cuda:0')"
150,0.04457286129827085,"tensor(0.0986, device='cuda:0')","tensor(0.3030, device='cuda:0')","tensor(0.1821, device='cuda:0', grad_fn=<DivBackward0>)","tensor(4.1543, device='cuda:0', grad_fn=<DivBackward0>)","tensor(0.0922, device='cuda:0', grad_fn=<DivBackward0>)","tensor(2.7235, device='cuda:0')","tensor(7.3922, device='cuda:0')","tensor(0.1211, device='cuda:0')"
151,0.04338871736241424,"tensor(0.0948, device='cuda:0')","tensor(0.3465, device='cuda:0')","tensor(0.2914, device='cuda:0', grad_fn=<DivBackward0>)","tensor(4.0991, device='cuda:0', grad_fn=<DivBackward0>)","tensor(0.0984, device='cuda:0', grad_fn=<DivBackward0>)","tensor(2.8675, device='cuda:0')","tensor(7.2754, device='cuda:0')","tensor(0.1017, device='cuda:0')"
152,0.041570759661819626,"tensor(0.1039, device='cuda:0')","tensor(0.3213, device='cuda:0')","tensor(0.2895, device='cuda:0', grad_fn=<DivBackward0>)","tensor(3.8600, device='cuda:0', grad_fn=<DivBackward0>)","tensor(0.0928, device='cuda:0', grad_fn=<DivBackward0>)","tensor(2.4621, device='cuda:0')","tensor(7.9075, device='cuda:0')","tensor(0.1013, device='cuda:0')"
153,0.04715529618703801,"tensor(0.1050, device='cuda:0')","tensor(0.3020, device='cuda:0')","tensor(0.3364, device='cuda:0', grad_fn=<DivBackward0>)","tensor(4.2665, device='cuda:0', grad_fn=<DivBackward0>)","tensor(0.0951, device='cuda:0', grad_fn=<DivBackward0>)","tensor(3.5103, device='cuda:0')","tensor(7.7081, device='cuda:0')","tensor(0.1038, device='cuda:0')"
154,0.04348100900002148,"tensor(0.0948, device='cuda:0')","tensor(0.3316, device='cuda:0')","tensor(0.2941, device='cuda:0', grad_fn=<DivBackward0>)","tensor(4.0848, device='cuda:0', grad_fn=<DivBackward0>)","tensor(0.1024, device='cuda:0', grad_fn=<DivBackward0>)","tensor(2.8183, device='cuda:0')","tensor(7.3415, device='cuda:0')","tensor(0.1099, device='cuda:0')"
155,0.04453010597954626,"tensor(0.0962, device='cuda:0')","tensor(0.3097, device='cuda:0')","tensor(0.3599, device='cuda:0', grad_fn=<DivBackward0>)","tensor(4.1006, device='cuda:0', grad_fn=<DivBackward0>)","tensor(0.0955, device='cuda:0', grad_fn=<DivBackward0>)","tensor(3.6061, device='cuda:0')","tensor(7.2771, device='cuda:0')","tensor(0.1117, device='cuda:0')"
156,0.04516213533023129,"tensor(0.1029, device='cuda:0')","tensor(0.3013, device='cuda:0')","tensor(0.4150, device='cuda:0', grad_fn=<DivBackward0>)","tensor(4.1628, device='cuda:0', grad_fn=<DivBackward0>)","tensor(0.0947, device='cuda:0', grad_fn=<DivBackward0>)","tensor(2.3826, device='cuda:0')","tensor(7.8538, device='cuda:0')","tensor(0.1036, device='cuda:0')"
157,0.04748977234830027,"tensor(0.1052, device='cuda:0')","tensor(0.2735, device='cuda:0')","tensor(0.2154, device='cuda:0', grad_fn=<DivBackward0>)","tensor(4.4093, device='cuda:0', grad_fn=<DivBackward0>)","tensor(0.0966, device='cuda:0', grad_fn=<DivBackward0>)","tensor(2.7961, device='cuda:0')","tensor(7.8040, device='cuda:0')","tensor(0.1148, device='cuda:0')"
158,0.04211392771938573,"tensor(0.1000, device='cuda:0')","tensor(0.3233, device='cuda:0')","tensor(0.1997, device='cuda:0', grad_fn=<DivBackward0>)","tensor(4.0106, device='cuda:0', grad_fn=<DivBackward0>)","tensor(0.0931, device='cuda:0', grad_fn=<DivBackward0>)","tensor(2.8015, device='cuda:0')","tensor(7.6522, device='cuda:0')","tensor(0.1029, device='cuda:0')"
159,0.04206013987245767,"tensor(0.1018, device='cuda:0')","tensor(0.2941, device='cuda:0')","tensor(0.3168, device='cuda:0', grad_fn=<DivBackward0>)","tensor(3.9444, device='cuda:0', grad_fn=<DivBackward0>)","tensor(0.0941, device='cuda:0', grad_fn=<DivBackward0>)","tensor(3.2584, device='cuda:0')","tensor(7.6273, device='cuda:0')","tensor(0.1040, device='cuda:0')"
160,0.042018115520477295,"tensor(0.0946, device='cuda:0')","tensor(0.3044, device='cuda:0')","tensor(0.2991, device='cuda:0', grad_fn=<DivBackward0>)","tensor(3.9442, device='cuda:0', grad_fn=<DivBackward0>)","tensor(0.0932, device='cuda:0', grad_fn=<DivBackward0>)","tensor(2.6331, device='cuda:0')","tensor(7.2118, device='cuda:0')","tensor(0.1152, device='cuda:0')"
161,0.04119947698453198,"tensor(0.1052, device='cuda:0')","tensor(0.3277, device='cuda:0')","tensor(0.2673, device='cuda:0', grad_fn=<DivBackward0>)","tensor(3.8672, device='cuda:0', grad_fn=<DivBackward0>)","tensor(0.0921, device='cuda:0', grad_fn=<DivBackward0>)","tensor(3.1851, device='cuda:0')","tensor(7.9009, device='cuda:0')","tensor(0.1011, device='cuda:0')"
162,0.04130961745977402,"tensor(0.0962, device='cuda:0')","tensor(0.3238, device='cuda:0')","tensor(0.3555, device='cuda:0', grad_fn=<DivBackward0>)","tensor(3.9174, device='cuda:0', grad_fn=<DivBackward0>)","tensor(0.0917, device='cuda:0', grad_fn=<DivBackward0>)","tensor(3.6162, device='cuda:0')","tensor(7.2040, device='cuda:0')","tensor(0.1022, device='cuda:0')"
163,0.04204001601623452,"tensor(0.1010, device='cuda:0')","tensor(0.2996, device='cuda:0')","tensor(0.3851, device='cuda:0', grad_fn=<DivBackward0>)","tensor(3.9784, device='cuda:0', grad_fn=<DivBackward0>)","tensor(0.0927, device='cuda:0', grad_fn=<DivBackward0>)","tensor(3.9315, device='cuda:0')","tensor(7.5493, device='cuda:0')","tensor(0.1002, device='cuda:0')"
164,0.042963054679010224,"tensor(0.0916, device='cuda:0')","tensor(0.3124, device='cuda:0')","tensor(0.3145, device='cuda:0', grad_fn=<DivBackward0>)","tensor(4.0212, device='cuda:0', grad_fn=<DivBackward0>)","tensor(0.0896, device='cuda:0', grad_fn=<DivBackward0>)","tensor(2.3038, device='cuda:0')","tensor(7.1791, device='cuda:0')","tensor(0.0997, device='cuda:0')"
165,0.04086611419916153,"tensor(0.1023, device='cuda:0')","tensor(0.2973, device='cuda:0')","tensor(0.3704, device='cuda:0', grad_fn=<DivBackward0>)","tensor(3.8759, device='cuda:0', grad_fn=<DivBackward0>)","tensor(0.0921, device='cuda:0', grad_fn=<DivBackward0>)","tensor(2.5144, device='cuda:0')","tensor(7.8557, device='cuda:0')","tensor(0.1015, device='cuda:0')"
166,0.03950775447099105,"tensor(0.0924, device='cuda:0')","tensor(0.2823, device='cuda:0')","tensor(0.2365, device='cuda:0', grad_fn=<DivBackward0>)","tensor(3.7687, device='cuda:0', grad_fn=<DivBackward0>)","tensor(0.0882, device='cuda:0', grad_fn=<DivBackward0>)","tensor(2.6933, device='cuda:0')","tensor(7.0466, device='cuda:0')","tensor(0.1086, device='cuda:0')"
167,0.04122616820361303,"tensor(0.1000, device='cuda:0')","tensor(0.3397, device='cuda:0')","tensor(0.3023, device='cuda:0', grad_fn=<DivBackward0>)","tensor(3.9133, device='cuda:0', grad_fn=<DivBackward0>)","tensor(0.0921, device='cuda:0', grad_fn=<DivBackward0>)","tensor(2.7042, device='cuda:0')","tensor(7.5783, device='cuda:0')","tensor(0.1087, device='cuda:0')"
168,0.038832975956408874,"tensor(0.0959, device='cuda:0')","tensor(0.3138, device='cuda:0')","tensor(0.2095, device='cuda:0', grad_fn=<DivBackward0>)","tensor(3.7326, device='cuda:0', grad_fn=<DivBackward0>)","tensor(0.0869, device='cuda:0', grad_fn=<DivBackward0>)","tensor(3.2724, device='cuda:0')","tensor(7.2321, device='cuda:0')","tensor(0.1037, device='cuda:0')"
169,0.04128077107927074,"tensor(0.1006, device='cuda:0')","tensor(0.2937, device='cuda:0')","tensor(0.3034, device='cuda:0', grad_fn=<DivBackward0>)","tensor(3.9059, device='cuda:0', grad_fn=<DivBackward0>)","tensor(0.0900, device='cuda:0', grad_fn=<DivBackward0>)","tensor(2.6173, device='cuda:0')","tensor(7.6343, device='cuda:0')","tensor(0.1105, device='cuda:0')"
170,0.04108075991920803,"tensor(0.0930, device='cuda:0')","tensor(0.3179, device='cuda:0')","tensor(0.2906, device='cuda:0', grad_fn=<DivBackward0>)","tensor(3.9177, device='cuda:0', grad_fn=<DivBackward0>)","tensor(0.0884, device='cuda:0', grad_fn=<DivBackward0>)","tensor(2.0563, device='cuda:0')","tensor(7.1418, device='cuda:0')","tensor(0.1073, device='cuda:0')"
171,0.04094355035087337,"tensor(0.0931, device='cuda:0')","tensor(0.3351, device='cuda:0')","tensor(0.3354, device='cuda:0', grad_fn=<DivBackward0>)","tensor(3.8794, device='cuda:0', grad_fn=<DivBackward0>)","tensor(0.0900, device='cuda:0', grad_fn=<DivBackward0>)","tensor(2.2796, device='cuda:0')","tensor(7.1454, device='cuda:0')","tensor(0.1023, device='cuda:0')"
172,0.040373401473397796,"tensor(0.0937, device='cuda:0')","tensor(0.3854, device='cuda:0')","tensor(0.2863, device='cuda:0', grad_fn=<DivBackward0>)","tensor(3.8745, device='cuda:0', grad_fn=<DivBackward0>)","tensor(0.0913, device='cuda:0', grad_fn=<DivBackward0>)","tensor(2.0779, device='cuda:0')","tensor(7.2231, device='cuda:0')","tensor(0.0944, device='cuda:0')"
173,0.03974890401181967,"tensor(0.0987, device='cuda:0')","tensor(0.3056, device='cuda:0')","tensor(0.2090, device='cuda:0', grad_fn=<DivBackward0>)","tensor(3.7921, device='cuda:0', grad_fn=<DivBackward0>)","tensor(0.0887, device='cuda:0', grad_fn=<DivBackward0>)","tensor(2.6462, device='cuda:0')","tensor(7.5135, device='cuda:0')","tensor(0.1100, device='cuda:0')"
174,0.04232367427776689,"tensor(0.1109, device='cuda:0')","tensor(0.2989, device='cuda:0')","tensor(0.3026, device='cuda:0', grad_fn=<DivBackward0>)","tensor(4.0373, device='cuda:0', grad_fn=<DivBackward0>)","tensor(0.0873, device='cuda:0', grad_fn=<DivBackward0>)","tensor(3.6217, device='cuda:0')","tensor(8.1344, device='cuda:0')","tensor(0.1059, device='cuda:0')"
175,0.03970744153079779,"tensor(0.0947, device='cuda:0')","tensor(0.3061, device='cuda:0')","tensor(0.2950, device='cuda:0', grad_fn=<DivBackward0>)","tensor(3.8963, device='cuda:0', grad_fn=<DivBackward0>)","tensor(0.0877, device='cuda:0', grad_fn=<DivBackward0>)","tensor(1.8963, device='cuda:0')","tensor(7.2393, device='cuda:0')","tensor(0.1213, device='cuda:0')"
176,0.0393137168949065,"tensor(0.0958, device='cuda:0')","tensor(0.3125, device='cuda:0')","tensor(0.2565, device='cuda:0', grad_fn=<DivBackward0>)","tensor(3.7721, device='cuda:0', grad_fn=<DivBackward0>)","tensor(0.0860, device='cuda:0', grad_fn=<DivBackward0>)","tensor(2.9584, device='cuda:0')","tensor(7.2664, device='cuda:0')","tensor(0.1053, device='cuda:0')"
177,0.038444702634992806,"tensor(0.0964, device='cuda:0')","tensor(0.2995, device='cuda:0')","tensor(0.2868, device='cuda:0', grad_fn=<DivBackward0>)","tensor(3.7382, device='cuda:0', grad_fn=<DivBackward0>)","tensor(0.0886, device='cuda:0', grad_fn=<DivBackward0>)","tensor(3.0426, device='cuda:0')","tensor(7.3251, device='cuda:0')","tensor(0.1097, device='cuda:0')"
178,0.03831145110661569,"tensor(0.0989, device='cuda:0')","tensor(0.3302, device='cuda:0')","tensor(0.2364, device='cuda:0', grad_fn=<DivBackward0>)","tensor(3.7067, device='cuda:0', grad_fn=<DivBackward0>)","tensor(0.0913, device='cuda:0', grad_fn=<DivBackward0>)","tensor(2.5136, device='cuda:0')","tensor(7.6205, device='cuda:0')","tensor(0.1048, device='cuda:0')"
179,0.04172843710883804,"tensor(0.0919, device='cuda:0')","tensor(0.3341, device='cuda:0')","tensor(0.2942, device='cuda:0', grad_fn=<DivBackward0>)","tensor(3.9102, device='cuda:0', grad_fn=<DivBackward0>)","tensor(0.0879, device='cuda:0', grad_fn=<DivBackward0>)","tensor(1.9740, device='cuda:0')","tensor(7.1112, device='cuda:0')","tensor(0.1017, device='cuda:0')"
180,0.04295610506897387,"tensor(0.1005, device='cuda:0')","tensor(0.2665, device='cuda:0')","tensor(0.2915, device='cuda:0', grad_fn=<DivBackward0>)","tensor(4.0160, device='cuda:0', grad_fn=<DivBackward0>)","tensor(0.0892, device='cuda:0', grad_fn=<DivBackward0>)","tensor(3.7264, device='cuda:0')","tensor(7.4710, device='cuda:0')","tensor(0.1138, device='cuda:0')"
181,0.04341489594915639,"tensor(0.1020, device='cuda:0')","tensor(0.2916, device='cuda:0')","tensor(0.5156, device='cuda:0', grad_fn=<DivBackward0>)","tensor(4.0684, device='cuda:0', grad_fn=<DivBackward0>)","tensor(0.0920, device='cuda:0', grad_fn=<DivBackward0>)","tensor(2.3586, device='cuda:0')","tensor(7.7966, device='cuda:0')","tensor(0.1212, device='cuda:0')"
182,0.04350411648983541,"tensor(0.0956, device='cuda:0')","tensor(0.3095, device='cuda:0')","tensor(0.4389, device='cuda:0', grad_fn=<DivBackward0>)","tensor(4.0597, device='cuda:0', grad_fn=<DivBackward0>)","tensor(0.0924, device='cuda:0', grad_fn=<DivBackward0>)","tensor(2.8789, device='cuda:0')","tensor(7.2824, device='cuda:0')","tensor(0.1038, device='cuda:0')"
183,0.03945710769166117,"tensor(0.0992, device='cuda:0')","tensor(0.2828, device='cuda:0')","tensor(0.4087, device='cuda:0', grad_fn=<DivBackward0>)","tensor(3.7896, device='cuda:0', grad_fn=<DivBackward0>)","tensor(0.0901, device='cuda:0', grad_fn=<DivBackward0>)","tensor(2.7658, device='cuda:0')","tensor(7.5296, device='cuda:0')","tensor(0.1045, device='cuda:0')"
184,0.040237824473044144,"tensor(0.1010, device='cuda:0')","tensor(0.3042, device='cuda:0')","tensor(0.4463, device='cuda:0', grad_fn=<DivBackward0>)","tensor(3.8108, device='cuda:0', grad_fn=<DivBackward0>)","tensor(0.0910, device='cuda:0', grad_fn=<DivBackward0>)","tensor(4.0552, device='cuda:0')","tensor(7.5756, device='cuda:0')","tensor(0.1011, device='cuda:0')"
185,0.04097256793276123,"tensor(0.0856, device='cuda:0')","tensor(0.3292, device='cuda:0')","tensor(0.3406, device='cuda:0', grad_fn=<DivBackward0>)","tensor(3.8148, device='cuda:0', grad_fn=<DivBackward0>)","tensor(0.0818, device='cuda:0', grad_fn=<DivBackward0>)","tensor(2.3409, device='cuda:0')","tensor(6.5678, device='cuda:0')","tensor(0.1053, device='cuda:0')"
186,0.03430749929469565,"tensor(0.0866, device='cuda:0')","tensor(0.3611, device='cuda:0')","tensor(0.1524, device='cuda:0', grad_fn=<DivBackward0>)","tensor(3.3010, device='cuda:0', grad_fn=<DivBackward0>)","tensor(0.0789, device='cuda:0', grad_fn=<DivBackward0>)","tensor(2.2330, device='cuda:0')","tensor(6.6646, device='cuda:0')","tensor(0.0974, device='cuda:0')"
187,0.03207870078799517,"tensor(0.0858, device='cuda:0')","tensor(0.3123, device='cuda:0')","tensor(0.0881, device='cuda:0', grad_fn=<DivBackward0>)","tensor(3.1153, device='cuda:0', grad_fn=<DivBackward0>)","tensor(0.0745, device='cuda:0', grad_fn=<DivBackward0>)","tensor(2.8083, device='cuda:0')","tensor(6.5121, device='cuda:0')","tensor(0.1063, device='cuda:0')"
188,0.029903599263533302,"tensor(0.0843, device='cuda:0')","tensor(0.3473, device='cuda:0')","tensor(0.0733, device='cuda:0', grad_fn=<DivBackward0>)","tensor(2.8813, device='cuda:0', grad_fn=<DivBackward0>)","tensor(0.0714, device='cuda:0', grad_fn=<DivBackward0>)","tensor(2.4151, device='cuda:0')","tensor(6.4625, device='cuda:0')","tensor(0.0998, device='cuda:0')"
189,0.029861161728268085,"tensor(0.0874, device='cuda:0')","tensor(0.3442, device='cuda:0')","tensor(0.0623, device='cuda:0', grad_fn=<DivBackward0>)","tensor(2.8864, device='cuda:0', grad_fn=<DivBackward0>)","tensor(0.0705, device='cuda:0', grad_fn=<DivBackward0>)","tensor(2.9580, device='cuda:0')","tensor(6.6367, device='cuda:0')","tensor(0.1016, device='cuda:0')"
190,0.029235425040773724,"tensor(0.0867, device='cuda:0')","tensor(0.3593, device='cuda:0')","tensor(0.0840, device='cuda:0', grad_fn=<DivBackward0>)","tensor(2.8848, device='cuda:0', grad_fn=<DivBackward0>)","tensor(0.0702, device='cuda:0', grad_fn=<DivBackward0>)","tensor(3.5768, device='cuda:0')","tensor(6.5005, device='cuda:0')","tensor(0.0996, device='cuda:0')"
191,0.02692330814898014,"tensor(0.0866, device='cuda:0')","tensor(0.3359, device='cuda:0')","tensor(0.0582, device='cuda:0', grad_fn=<DivBackward0>)","tensor(2.6834, device='cuda:0', grad_fn=<DivBackward0>)","tensor(0.0699, device='cuda:0', grad_fn=<DivBackward0>)","tensor(2.3412, device='cuda:0')","tensor(6.5739, device='cuda:0')","tensor(0.0990, device='cuda:0')"
192,0.025274881364210793,"tensor(0.0854, device='cuda:0')","tensor(0.3368, device='cuda:0')","tensor(0.0609, device='cuda:0', grad_fn=<DivBackward0>)","tensor(2.5393, device='cuda:0', grad_fn=<DivBackward0>)","tensor(0.0669, device='cuda:0', grad_fn=<DivBackward0>)","tensor(2.7287, device='cuda:0')","tensor(6.4919, device='cuda:0')","tensor(0.1039, device='cuda:0')"
193,0.023819953365170437,"tensor(0.0841, device='cuda:0')","tensor(0.3542, device='cuda:0')","tensor(0.0415, device='cuda:0', grad_fn=<DivBackward0>)","tensor(2.3917, device='cuda:0', grad_fn=<DivBackward0>)","tensor(0.0644, device='cuda:0', grad_fn=<DivBackward0>)","tensor(2.9059, device='cuda:0')","tensor(6.3742, device='cuda:0')","tensor(0.1014, device='cuda:0')"
194,0.02304823801893255,"tensor(0.0825, device='cuda:0')","tensor(0.3527, device='cuda:0')","tensor(0.0428, device='cuda:0', grad_fn=<DivBackward0>)","tensor(2.3464, device='cuda:0', grad_fn=<DivBackward0>)","tensor(0.0640, device='cuda:0', grad_fn=<DivBackward0>)","tensor(2.5371, device='cuda:0')","tensor(6.3835, device='cuda:0')","tensor(0.1017, device='cuda:0')"
195,0.022176909138974937,"tensor(0.0837, device='cuda:0')","tensor(0.3634, device='cuda:0')","tensor(0.0340, device='cuda:0', grad_fn=<DivBackward0>)","tensor(2.2642, device='cuda:0', grad_fn=<DivBackward0>)","tensor(0.0639, device='cuda:0', grad_fn=<DivBackward0>)","tensor(2.9489, device='cuda:0')","tensor(6.3771, device='cuda:0')","tensor(0.1008, device='cuda:0')"
196,0.021867269326163376,"tensor(0.0849, device='cuda:0')","tensor(0.3731, device='cuda:0')","tensor(0.0259, device='cuda:0', grad_fn=<DivBackward0>)","tensor(2.2312, device='cuda:0', grad_fn=<DivBackward0>)","tensor(0.0625, device='cuda:0', grad_fn=<DivBackward0>)","tensor(3.0373, device='cuda:0')","tensor(6.3946, device='cuda:0')","tensor(0.1005, device='cuda:0')"
197,0.02157269855556281,"tensor(0.0854, device='cuda:0')","tensor(0.3713, device='cuda:0')","tensor(0.0830, device='cuda:0', grad_fn=<DivBackward0>)","tensor(2.2060, device='cuda:0', grad_fn=<DivBackward0>)","tensor(0.0634, device='cuda:0', grad_fn=<DivBackward0>)","tensor(3.3803, device='cuda:0')","tensor(6.3877, device='cuda:0')","tensor(0.0981, device='cuda:0')"
198,0.02291867015478404,"tensor(0.0841, device='cuda:0')","tensor(0.3662, device='cuda:0')","tensor(0.3159, device='cuda:0', grad_fn=<DivBackward0>)","tensor(2.2785, device='cuda:0', grad_fn=<DivBackward0>)","tensor(0.0660, device='cuda:0', grad_fn=<DivBackward0>)","tensor(2.8503, device='cuda:0')","tensor(6.4667, device='cuda:0')","tensor(0.1080, device='cuda:0')"
199,0.022104206049571865,"tensor(0.0862, device='cuda:0')","tensor(0.3854, device='cuda:0')","tensor(0.1241, device='cuda:0', grad_fn=<DivBackward0>)","tensor(2.2215, device='cuda:0', grad_fn=<DivBackward0>)","tensor(0.0660, device='cuda:0', grad_fn=<DivBackward0>)","tensor(2.6790, device='cuda:0')","tensor(6.5049, device='cuda:0')","tensor(0.0989, device='cuda:0')"
